lr,data_time,loss,loss_kpt,acc_pose,time,epoch,iter,memory,step
4e-08,40.77081918716431,0.42165085673332214,0.42165085673332214,0.011904761904761904,46.47547149658203,1.0,1.0,1532.0,1.0
0.0002105642105263158,20.510849475860596,0.42203935980796814,0.42203935980796814,0.004464285714285714,23.49702286720276,1.0,2.0,1599.0,2.0
0.00042108842105263163,13.679035822550455,0.42258064945538837,0.42258064945538837,0.010416666666666666,15.735240618387857,1.0,3.0,1599.0,3.0
0.0006316126315789475,10.261179029941559,0.42145413160324097,0.42145413160324097,0.03869047619047619,11.850216567516327,1.0,4.0,1599.0,4.0
0.0008421368421052633,10.080891323089599,0.41883203387260437,0.41883203387260437,0.07886904761904762,11.397879266738892,1.0,5.0,1599.0,5.0
0.001052661052631579,8.40169644355774,0.36529504507780075,0.36529504507780075,0.07738095238095238,9.518438418706259,1.0,6.0,502.0,6.0
0.0012631852631578948,12.62074191229684,0.3645229148013251,0.3645229148013251,0.14732142857142858,13.615074157714844,2.0,7.0,1599.0,7.0
0.0014737094736842105,11.31002727150917,0.3615479376167059,0.3615479376167059,0.16220238095238096,12.232765465974808,2.0,8.0,1599.0,8.0
0.0016842336842105262,10.478506141238743,0.3572474800878101,0.3572474800878101,0.15922619047619047,11.33798501226637,2.0,9.0,1599.0,9.0
0.0018947578947368419,9.43184690475464,0.3553211286664009,0.3553211286664009,0.19196428571428573,10.234116911888123,2.0,10.0,1599.0,10.0
0.0021052821052631576,9.604180704463612,0.35214196145534515,0.35214196145534515,0.18649193548387094,10.352043888785623,2.0,11.0,1599.0,11.0
0.0023158063157894732,8.804214894771576,0.3293472540875276,0.3293472540875276,0.27380952380952384,9.495978514353434,2.0,12.0,502.0,12.0
0.002526330526315789,11.237459164399366,0.3274471564934804,0.3274471564934804,0.1846678187403994,11.897719988456139,3.0,13.0,1599.0,13.0
0.0027368547368421046,10.435962149075099,0.3263399803212711,0.3263399803212711,0.22916666666666666,11.065128377505712,3.0,14.0,1599.0,14.0
0.0029473789473684203,9.768226798375448,0.3252863536278407,0.3252863536278407,0.1788594470046083,10.370383628209431,3.0,15.0,1599.0,15.0
0.003157903157894736,9.15807719528675,0.3258228385820985,0.3258228385820985,0.14746543778801843,9.733058288693428,3.0,16.0,1599.0,16.0
0.0033684273684210517,9.418404705384198,0.3233308818410425,0.3233308818410425,0.28720238095238093,9.971823566100177,3.0,17.0,1599.0,17.0
0.0035789515789473674,8.895396788914999,0.31216120678517556,0.31216120678517556,0.13095238095238096,9.422287477387322,3.0,18.0,502.0,18.0
0.0037894757894736835,10.19564121647885,0.31349605125816243,0.31349605125816243,0.26785714285714285,10.711769844356336,4.0,19.0,1599.0,19.0
0.003999999999999999,9.978777980804443,0.3237099479883909,0.3237099479883909,0.1130952380952381,10.484646081924438,4.0,20.0,1599.0,20.0
0.003999999999999999,9.504473107201713,0.3300076974999337,0.3300076974999337,0.16220238095238096,10.004051094963437,4.0,21.0,1599.0,21.0
0.003999999999999999,9.0730595480312,0.3371607630767606,0.3371607630767606,0.029809907834101382,9.563032052733682,4.0,22.0,1599.0,22.0
0.003999999999999999,9.093897539636362,0.37353714879440225,0.37353714879440225,0.08630952380952381,9.57151056372601,4.0,23.0,1599.0,23.0
0.003999999999999999,8.715144832928976,0.36273185163736343,0.36273185163736343,0.11904761904761904,9.17516498764356,4.0,24.0,502.0,24.0
0.003999999999999999,9.876661624908447,0.3698694658279419,0.3698694658279419,0.09077380952380952,10.328837394714355,5.0,25.0,1599.0,25.0
0.003999999999999999,9.609469963954044,0.38892102241516113,0.38892102241516113,0.07142857142857142,10.054099220495958,5.0,26.0,1599.0,26.0
0.003999999999999999,9.254145030622128,0.3920716444651286,0.3920716444651286,0.1341685867895545,9.690554141998291,5.0,27.0,1599.0,27.0
0.003999999999999999,8.923834264278412,0.39861157323632923,0.39861157323632923,0.14285714285714285,9.350610205105372,5.0,28.0,1599.0,28.0
0.003999999999999999,9.076979875564575,0.40114816714977397,0.40114816714977397,0.12202380952380952,9.495774630842538,5.0,29.0,1599.0,29.0
0.003999999999999999,8.774548768997192,0.3916934125125408,0.3916934125125408,0.15476190476190477,9.181541967391968,5.0,30.0,502.0,30.0
0.003999999999999999,9.775991162946147,0.3947317535358091,0.3947317535358091,0.13392857142857142,10.181282274184689,6.0,31.0,1599.0,31.0
0.003999999999999999,9.471258342266083,0.39364351076073945,0.39364351076073945,0.20386904761904762,9.877583861351013,6.0,32.0,1599.0,32.0
0.003999999999999999,9.185302423708366,0.39265913064732694,0.39265913064732694,0.18634792626728108,9.58914110877297,6.0,33.0,1599.0,33.0
0.003999999999999999,8.922089730992036,0.3912745339467245,0.3912745339467245,0.22470238095238096,9.32149777692907,6.0,34.0,1599.0,34.0
0.003999999999999999,8.962906564985003,0.38977598654372353,0.38977598654372353,0.18461981566820276,9.357137380327497,6.0,35.0,1599.0,35.0
0.003999999999999999,8.71408936712477,0.38126899032957023,0.38126899032957023,0.15476190476190477,9.099560432963901,6.0,36.0,502.0,36.0
0.003999999999999999,9.592300331270373,0.3799991670089799,0.3799991670089799,0.1949404761904762,9.974593078767931,7.0,37.0,1599.0,37.0
0.003999999999999999,9.340224799356962,0.37803260335012484,0.37803260335012484,0.2113095238095238,9.718061409498516,7.0,38.0,1599.0,38.0
0.003999999999999999,9.10442354128911,0.3763203435601332,0.3763203435601332,0.22470238095238096,9.478336847745455,7.0,39.0,1599.0,39.0
0.003999999999999999,8.912705028057099,0.37462937366217375,0.37462937366217375,0.20434907834101382,9.283636087179184,7.0,40.0,1599.0,40.0
0.003999999999999999,9.016158377251974,0.37264468448191157,0.37264468448191157,0.21875,9.383053680745567,7.0,41.0,1599.0,41.0
0.003999999999999999,8.801584851174127,0.3655026423789206,0.3655026423789206,0.23214285714285715,9.161130661056156,7.0,42.0,502.0,42.0
0.003999999999999999,9.543200049289437,0.3641937399326369,0.3641937399326369,0.19254032258064516,9.901241352391798,8.0,43.0,1599.0,43.0
0.003999999999999999,9.32940531318838,0.36211446909741923,0.36211446909741923,0.25892857142857145,9.68395564772866,8.0,44.0,1599.0,44.0
0.003999999999999999,9.122322426901924,0.3604693376355701,0.3604693376355701,0.2040610599078341,9.473902914259169,8.0,45.0,1599.0,45.0
0.003999999999999999,8.92645085376242,0.35890490691299026,0.35890490691299026,0.24404761904761904,9.27427543764529,8.0,46.0,1599.0,46.0
0.003999999999999999,9.052745337181904,0.35721711180311566,0.35721711180311566,0.25297619047619047,9.397895924588466,8.0,47.0,1599.0,47.0
0.003999999999999999,8.864270761609077,0.35121764211604994,0.35121764211604994,0.22023809523809523,9.204177473982176,8.0,48.0,502.0,48.0
0.003999999999999999,9.480393575162303,0.35011435376138106,0.35011435376138106,0.22419994879672298,9.820903213656678,9.0,49.0,1599.0,49.0
0.003999999999999999,9.317299671173096,0.3486101338267326,0.3486101338267326,0.25297619047619047,9.66026596546173,9.0,50.0,1599.0,50.0
0.003999999999999999,8.517303137779235,0.3457921215891838,0.3457921215891838,0.24294354838709675,8.751190929412841,9.0,51.0,1599.0,51.0
0.003999999999999999,8.512618741989137,0.3427959021925926,0.3427959021925926,0.2475038402457757,8.747220673561095,9.0,52.0,1599.0,52.0
0.003999999999999999,8.74139075756073,0.3401991835236549,0.3401991835236549,0.17708333333333334,8.976237864494324,9.0,53.0,1599.0,53.0
0.003999999999999999,8.7413245677948,0.33333243280649183,0.33333243280649183,0.25,8.973551659584045,9.0,54.0,502.0,54.0
0.003999999999999999,9.320489053726197,0.3305033060908318,0.3305033060908318,0.25297619047619047,9.553886651992798,10.0,55.0,1599.0,55.0
0.003999999999999999,9.348257493972778,0.3340834599733353,0.3340834599733353,0.21428571428571427,9.58390239238739,10.0,56.0,1599.0,56.0
0.003999999999999999,8.589797797203063,0.33183373034000396,0.33183373034000396,0.3556547619047619,8.824024114608765,10.0,57.0,1599.0,57.0
0.003999999999999999,8.54721083164215,0.33057764410972595,0.33057764410972595,0.25892857142857145,8.776189875602721,10.0,58.0,1599.0,58.0
0.003999999999999999,8.729622898101807,0.3296668756008148,0.3296668756008148,0.275681643625192,8.955691905021668,10.0,59.0,1599.0,59.0
0.003999999999999999,8.729473843574524,0.32416145846247674,0.32416145846247674,0.30952380952380953,8.951107296943665,10.0,60.0,502.0,60.0
0.003999999999999999,9.30810613155365,0.3234187225997448,0.3234187225997448,0.24553571428571427,9.530069632530212,11.0,61.0,1599.0,61.0
0.003999999999999999,9.308133478164672,0.3269286684691906,0.3269286684691906,0.31782834101382484,9.533161234855651,11.0,62.0,1599.0,62.0
0.003999999999999999,8.499788227081298,0.3264539448916912,0.3264539448916912,0.22470238095238096,8.72333643913269,11.0,63.0,1599.0,63.0
0.003999999999999999,8.499584741592408,0.3252506147325039,0.3252506147325039,0.2961309523809524,8.722723813056946,11.0,64.0,1599.0,64.0
0.003999999999999999,8.72648684501648,0.3240101285278797,0.3240101285278797,0.3244047619047619,8.949654002189636,11.0,65.0,1599.0,65.0
0.003999999999999999,8.72648476600647,0.3186885534226894,0.3186885534226894,0.2627551020408163,8.948103137016297,11.0,66.0,502.0,66.0
0.003999999999999999,9.179281220436096,0.31852072522044184,0.31852072522044184,0.23982334869431643,9.40205361366272,12.0,67.0,1599.0,67.0
0.003999999999999999,9.179430160522461,0.32122671157121657,0.32122671157121657,0.27736175115207373,9.406050114631652,12.0,68.0,1599.0,68.0
0.003999999999999999,8.507907347679138,0.31997660487890245,0.31997660487890245,0.20386904761904762,8.733679599761963,12.0,69.0,1599.0,69.0
0.003999999999999999,8.390992498397827,0.3148680081963539,0.3148680081963539,0.2976190476190476,8.615415239334107,12.0,70.0,1599.0,70.0
0.003999999999999999,8.666581902503967,0.31076772600412367,0.31076772600412367,0.3244047619047619,8.887587003707885,12.0,71.0,1599.0,71.0
0.003999999999999999,8.666397914886474,0.30230352059006693,0.30230352059006693,0.34523809523809523,8.88282262802124,12.0,72.0,502.0,72.0
0.003999999999999999,9.239938368797302,0.2838793160021305,0.2838793160021305,0.31994047619047616,9.460048179626465,13.0,73.0,1599.0,73.0
0.003999999999999999,9.244989552497863,0.28711081922054293,0.28711081922054293,0.2866263440860215,9.472373733520508,13.0,74.0,1599.0,74.0
0.003999999999999999,8.495070977210998,0.28124464690685275,0.28124464690685275,0.34375,8.72135172843933,13.0,75.0,1599.0,75.0
0.003999999999999999,8.450610823631287,0.2689755880832672,0.2689755880832672,0.30952380952380953,8.675774493217467,13.0,76.0,1599.0,76.0
0.003999999999999999,8.663798685073852,0.2644951197504997,0.2644951197504997,0.31994047619047616,8.888719539642334,13.0,77.0,1599.0,77.0
0.003999999999999999,8.66380292892456,0.2541544786840677,0.2541544786840677,0.36904761904761907,8.887049379348754,13.0,78.0,502.0,78.0
0.003999999999999999,9.168283262252807,0.24979494608938693,0.24979494608938693,0.30505952380952384,9.392771382331848,14.0,79.0,1599.0,79.0
0.003999999999999999,9.175129399299621,0.2525573482364416,0.2525573482364416,0.25,9.403726701736451,14.0,80.0,1599.0,80.0
0.003999999999999999,8.381389079093934,0.24765830628573895,0.24765830628573895,0.34970238095238093,8.607439842224121,14.0,81.0,1599.0,81.0
0.003999999999999999,8.381004934310914,0.24539159439504146,0.24539159439504146,0.33630952380952384,8.602217183113098,14.0,82.0,1599.0,82.0
0.003999999999999999,8.640138454437256,0.24333607695996762,0.24333607695996762,0.2804819508448541,8.8589155960083,14.0,83.0,1599.0,83.0
0.003999999999999999,8.63549750328064,0.23764886662364007,0.23764886662364007,0.35714285714285715,8.850392093658447,14.0,84.0,502.0,84.0
0.003999999999999999,9.21112093448639,0.23547899678349496,0.23547899678349496,0.37202380952380953,9.427788257598877,15.0,85.0,1599.0,85.0
0.003999999999999999,9.213998827934265,0.23872442439198494,0.23872442439198494,0.35714285714285715,9.434655256271363,15.0,86.0,1599.0,86.0
0.003999999999999999,8.390149006843567,0.23679140254855155,0.23679140254855155,0.31581221198156684,8.610297870635986,15.0,87.0,1599.0,87.0
0.003999999999999999,8.390204229354858,0.235756309479475,0.235756309479475,0.3288690476190476,8.611401085853577,15.0,88.0,1599.0,88.0
0.003999999999999999,8.60924271583557,0.23427335694432258,0.23427335694432258,0.38340053763440857,8.83025480747223,15.0,89.0,1599.0,89.0
0.003999999999999999,8.58063971042633,0.2293575084209442,0.2293575084209442,0.39880952380952384,8.798022699356078,15.0,90.0,502.0,90.0
0.003999999999999999,9.102606563568115,0.2283656656742096,0.2283656656742096,0.32214861751152074,9.321142954826355,16.0,91.0,1599.0,91.0
0.003999999999999999,9.10755277633667,0.23198667719960211,0.23198667719960211,0.3005952380952381,9.329616293907165,16.0,92.0,1599.0,92.0
0.003999999999999999,8.29383367061615,0.23072545513510703,0.23072545513510703,0.3333333333333333,8.513125538825989,16.0,93.0,1599.0,93.0
0.003999999999999999,8.29121994972229,0.2299828453361988,0.2299828453361988,0.3645833333333333,8.510021748542785,16.0,94.0,1599.0,94.0
0.003999999999999999,8.561172723770142,0.22916484758257866,0.22916484758257866,0.3244047619047619,8.779657292366029,16.0,95.0,1599.0,95.0
0.003999999999999999,8.559005732536315,0.22461360283195972,0.22461360283195972,0.34523809523809523,8.775048089027404,16.0,96.0,502.0,96.0
0.003999999999999999,8.979986400604249,0.22375808097422123,0.22375808097422123,0.33779761904761907,9.200026707649231,17.0,97.0,1599.0,97.0
0.003999999999999999,8.987832264900208,0.22735352136194706,0.22735352136194706,0.3207085253456221,9.212866897583007,17.0,98.0,1599.0,98.0
0.003999999999999999,8.21955150127411,0.22633288659155368,0.22633288659155368,0.30952380952380953,8.442699694633484,17.0,99.0,1599.0,99.0
0.003999999999999999,8.19335005760193,0.22555570907890796,0.22555570907890796,0.375,8.41313714504242,17.0,100.0,1599.0,100.0
0.003999999999999999,8.408661375045776,0.2246365398913622,0.2246365398913622,0.41220238095238093,8.627545690536499,17.0,101.0,1599.0,101.0
0.003999999999999999,8.408409304618836,0.22041136130690575,0.22041136130690575,0.3630952380952381,8.622794966697693,17.0,102.0,502.0,102.0
0.003999999999999999,8.951552805900574,0.21902705654501914,0.21902705654501914,0.4103302611367128,9.171231846809388,18.0,103.0,1599.0,103.0
0.003999999999999999,8.958515362739563,0.2223747242987156,0.2223747242987156,0.36904761904761907,9.181346459388733,18.0,104.0,1599.0,104.0
0.003999999999999999,8.19239918231964,0.22177729830145837,0.22177729830145837,0.3958333333333333,8.413142585754395,18.0,105.0,1599.0,105.0
0.003999999999999999,8.164625024795532,0.22078609064221383,0.22078609064221383,0.4375,8.384259610176086,18.0,106.0,1599.0,106.0
0.003999999999999999,8.412880845069886,0.2203720359504223,0.2203720359504223,0.39285714285714285,8.633301010131836,18.0,107.0,1599.0,107.0
0.003999999999999999,8.412877550125122,0.21589458763599395,0.21589458763599395,0.47023809523809523,8.631993818283082,18.0,108.0,502.0,108.0
0.003999999999999999,8.918369159698486,0.21545564651489257,0.21545564651489257,0.3705357142857143,9.139824213981628,19.0,109.0,1599.0,109.0
0.003999999999999999,8.918748731613158,0.21911733940243722,0.21911733940243722,0.34226190476190477,9.144774689674378,19.0,110.0,1599.0,110.0
0.003999999999999999,8.117412881851196,0.21833236619830132,0.21833236619830132,0.33995775729646693,8.343831567764282,19.0,111.0,1599.0,111.0
0.003999999999999999,8.1176180934906,0.21810675218701361,0.21810675218701361,0.3671490147783251,8.345742797851562,19.0,112.0,1599.0,112.0
0.003999999999999999,8.35023579120636,0.21701509222388268,0.21701509222388268,0.41369047619047616,8.578331074714661,19.0,113.0,1599.0,113.0
0.003999999999999999,8.35019281387329,0.21302847675979136,0.21302847675979136,0.4583333333333333,8.575678162574768,19.0,114.0,502.0,114.0
0.003999999999999999,8.81817319869995,0.21255322687327863,0.21255322687327863,0.44047619047619047,9.047492561340333,20.0,115.0,1599.0,115.0
0.003999999999999999,8.878221220970154,0.2157210748642683,0.2157210748642683,0.4178667434715822,9.11146628856659,20.0,116.0,1599.0,116.0
0.003999999999999999,8.1647412109375,0.21458584658801555,0.21458584658801555,0.4419642857142857,8.397402086257934,20.0,117.0,1599.0,117.0
0.003999999999999999,8.173880977630615,0.21405736468732356,0.21405736468732356,0.40773809523809523,8.40515504360199,20.0,118.0,1599.0,118.0
0.003999999999999999,8.379097700119019,0.21292283378541468,0.21292283378541468,0.49851190476190477,8.609088582992554,20.0,119.0,1599.0,119.0
0.003999999999999999,8.37895399093628,0.20879508465528487,0.20879508465528487,0.4166666666666667,8.605769209861755,20.0,120.0,502.0,120.0
0.003999999999999999,8.862796969413758,0.20868911623954772,0.20868911623954772,0.3645833333333333,9.093409166336059,21.0,121.0,1599.0,121.0
0.003999999999999999,8.888461389541625,0.2120736436545849,0.2120736436545849,0.42410714285714285,9.124712257385253,21.0,122.0,1599.0,122.0
0.003999999999999999,8.135012435913087,0.21191180720925332,0.21191180720925332,0.37202380952380953,8.367124204635621,21.0,123.0,1599.0,123.0
0.003999999999999999,8.130344800949096,0.21110180661082267,0.21110180661082267,0.415994623655914,8.358253960609437,21.0,124.0,1599.0,124.0
0.003999999999999999,8.337613101005553,0.21068910285830497,0.21068910285830497,0.45089285714285715,8.565744662284851,21.0,125.0,1599.0,125.0
0.003999999999999999,8.323586983680725,0.2069310323894024,0.2069310323894024,0.30952380952380953,8.54918860912323,21.0,126.0,502.0,126.0
0.003999999999999999,8.873856415748596,0.20642476812005042,0.20642476812005042,0.44345238095238093,9.100395865440369,22.0,127.0,1599.0,127.0
0.003999999999999999,8.886977906227111,0.2097764376550913,0.2097764376550913,0.4375,9.115670037269592,22.0,128.0,1599.0,128.0
0.003999999999999999,8.115300030708314,0.20930890806019306,0.20930890806019306,0.4478686635944701,8.342235651016235,22.0,129.0,1599.0,129.0
0.003999999999999999,8.108528752326965,0.20840304799377918,0.20840304799377918,0.4895833333333333,8.334146823883056,22.0,130.0,1599.0,130.0
0.003999999999999999,8.372462582588195,0.20781811363995076,0.20781811363995076,0.53125,8.597662692070008,22.0,131.0,1599.0,131.0
0.003999999999999999,8.372432169914246,0.2038910561054945,0.2038910561054945,0.6488095238095238,8.59514973640442,22.0,132.0,502.0,132.0
0.003999999999999999,8.86100724697113,0.20304259799420835,0.20304259799420835,0.5148809523809523,9.087340512275695,23.0,133.0,1599.0,133.0
0.003999999999999999,8.861373524665833,0.2060262703895569,0.2060262703895569,0.5282738095238095,9.09399067878723,23.0,134.0,1599.0,134.0
0.003999999999999999,8.078983254432679,0.20579680442810058,0.20579680442810058,0.46130952380952384,8.311691498756408,23.0,135.0,1599.0,135.0
0.003999999999999999,8.07984968662262,0.20524930447340012,0.20524930447340012,0.557075652841782,8.312550921440124,23.0,136.0,1599.0,136.0
0.003999999999999999,8.316096148490907,0.2048026964068413,0.2048026964068413,0.5277937788018433,8.547875909805297,23.0,137.0,1599.0,137.0
0.003999999999999999,8.315846214294433,0.20081647746264936,0.20081647746264936,0.44642857142857145,8.543736486434936,23.0,138.0,502.0,138.0
0.003999999999999999,8.833485736846924,0.2004579319804907,0.2004579319804907,0.5372023809523809,9.062150354385375,24.0,139.0,1599.0,139.0
0.003999999999999999,8.853060827255248,0.20334898211061955,0.20334898211061955,0.560099846390169,9.084849042892456,24.0,140.0,1599.0,140.0
0.003999999999999999,8.068272442817689,0.20265426106750964,0.20265426106750964,0.5085445468509985,8.300061955451966,24.0,141.0,1599.0,141.0
0.003999999999999999,8.067127647399902,0.20156119890511037,0.20156119890511037,0.5505952380952381,8.297994999885558,24.0,142.0,1599.0,142.0
0.003999999999999999,8.306912598609925,0.20074368216097355,0.20074368216097355,0.5892857142857143,8.53918110847473,24.0,143.0,1599.0,143.0
0.003999999999999999,8.306911549568177,0.19698623411357402,0.19698623411357402,0.5892857142857143,8.537499170303345,24.0,144.0,502.0,144.0
0.003999999999999999,8.75428111553192,0.1962968983501196,0.1962968983501196,0.5193452380952381,8.98626441001892,25.0,145.0,1599.0,145.0
0.003999999999999999,8.75451325893402,0.19891006320714952,0.19891006320714952,0.6398809523809523,8.990718884468079,25.0,146.0,1599.0,146.0
0.003999999999999999,8.041223969459534,0.19853657037019729,0.19853657037019729,0.508592549923195,8.277417039871215,25.0,147.0,1599.0,147.0
0.003999999999999999,8.073371424674988,0.19747802048921584,0.19747802048921584,0.5848214285714286,8.308814907073975,25.0,148.0,1599.0,148.0
0.003999999999999999,8.296469831466675,0.1971718817949295,0.1971718817949295,0.49851190476190477,8.5304221534729,25.0,149.0,1599.0,149.0
0.003999999999999999,8.296241025924683,0.19336260475218295,0.19336260475218295,0.6547619047619048,8.525803308486939,25.0,150.0,502.0,150.0
0.003999999999999999,8.856245698928833,0.19263691790401935,0.19263691790401935,0.585781490015361,9.086705508232116,26.0,151.0,1599.0,151.0
0.003999583298602206,8.85632905483246,0.19541396409273148,0.19541396409273148,0.5818452380952381,9.08981231212616,26.0,152.0,1599.0,152.0
0.00399833337718783,8.087391772270202,0.19493020564317703,0.19493020564317703,0.5940380184331797,8.315430855751037,26.0,153.0,1599.0,153.0
0.003996250784013715,8.080452103614807,0.194214408993721,0.194214408993721,0.5461309523809523,8.308888177871705,26.0,154.0,1599.0,154.0
0.003993336432574057,8.311309027671815,0.19332238048315048,0.19332238048315048,0.6071428571428571,8.540457944869996,26.0,155.0,1599.0,155.0
0.003989591601199718,8.311324491500855,0.18966105252504348,0.18966105252504348,0.7261904761904762,8.538757586479187,26.0,156.0,502.0,156.0
0.003985017932497507,8.81058488368988,0.1892656910419464,0.1892656910419464,0.5401785714285714,9.0393497467041,27.0,157.0,1599.0,157.0
0.003979617432629676,8.829336404800415,0.19211199536919593,0.19211199536919593,0.6246159754224271,9.062128562927246,27.0,158.0,1599.0,158.0
0.0039733924704339575,8.06794445991516,0.1911350230872631,0.1911350230872631,0.5699404761904762,8.299104824066163,27.0,159.0,1599.0,159.0
0.003966345776384507,8.067592597007751,0.19011954560875893,0.19011954560875893,0.5982142857142857,8.297720890045166,27.0,160.0,1599.0,160.0
0.003958480441394229,8.31844955444336,0.18915890231728555,0.18915890231728555,0.5848214285714286,8.54764880180359,27.0,161.0,1599.0,161.0
0.003949799915459002,8.318217597007752,0.18537096351385116,0.18537096351385116,0.5059523809523809,8.54244411468506,27.0,162.0,502.0,162.0
0.003940308006144397,8.916219215393067,0.18452000230550766,0.18452000230550766,0.645497311827957,9.141883444786071,28.0,163.0,1599.0,163.0
0.0039300088769155484,8.916299953460694,0.1873487701267004,0.1873487701267004,0.6220238095238095,9.145044140815735,28.0,164.0,1599.0,164.0
0.003918907045310925,8.215739512443543,0.1871436171978712,0.1871436171978712,0.5074404761904762,8.440502572059632,28.0,165.0,1599.0,165.0
0.0039070073809607895,8.159971795082093,0.18640211127698422,0.18640211127698422,0.6190476190476191,8.383483567237853,28.0,166.0,1599.0,166.0
0.0038943151034512118,8.40819731235504,0.18572546534240245,0.18572546534240245,0.6532738095238095,8.631607851982118,28.0,167.0,1599.0,167.0
0.0038808357800345916,8.398957352638245,0.1819891905039549,0.1819891905039549,0.6904761904761905,8.620352783203124,28.0,168.0,502.0,168.0
0.003866575323187675,8.964656367301941,0.18154878698289395,0.18154878698289395,0.5997023809523809,9.190210671424866,29.0,169.0,1599.0,169.0
0.0038515399880181484,8.965199069976807,0.1841863711178303,0.1841863711178303,0.6532738095238095,9.198707256317139,29.0,170.0,1599.0,170.0
0.0038357363695209388,8.273668222427368,0.18277951076626778,0.18277951076626778,0.6759312596006145,8.507077627182007,29.0,171.0,1599.0,171.0
0.003819171399685434,8.270152759552001,0.181817873865366,0.181817873865366,0.6443452380952381,8.5019690990448,29.0,172.0,1599.0,172.0
0.0038018523444548814,8.493411526679992,0.18032936677336692,0.18032936677336692,0.7083333333333334,8.72544493675232,29.0,173.0,1599.0,173.0
0.0037837868005393045,8.493031344413758,0.17646688133478164,0.17646688133478164,0.7023809523809523,8.722343125343322,29.0,174.0,502.0,174.0
0.0037649826920833373,9.073215007781982,0.17560383170843125,0.17560383170843125,0.6517857142857143,9.304289178848267,30.0,175.0,1599.0,175.0
0.00374544826719043,9.085235977172852,0.1783894294500351,0.1783894294500351,0.5595238095238095,9.319936637878419,30.0,176.0,1599.0,176.0
0.0037251920943049597,8.359019560813904,0.17769852817058562,0.17769852817058562,0.6413690476190477,8.593771724700927,30.0,177.0,1599.0,177.0
0.0037042230584538255,8.34603639125824,0.1766258254647255,0.1766258254647255,0.7617127496159755,8.581503534317017,30.0,178.0,1599.0,178.0
0.003682550357349186,8.621898446083069,0.17576951235532762,0.17576951235532762,0.6860119047619048,8.858742580413818,30.0,179.0,1599.0,179.0
0.0036601834973540347,8.621891102790833,0.17245519578456878,0.17245519578456878,0.6785714285714286,8.857371544837951,30.0,180.0,502.0,180.0
0.0036371322893123973,9.120867743492127,0.1721673834323883,0.1721673834323883,0.5974942396313364,9.358840622901916,31.0,181.0,1599.0,181.0
0.00361340684424597,9.159549646377563,0.17473221465945243,0.17473221465945243,0.6964285714285714,9.40437829017639,31.0,182.0,1599.0,182.0
0.003589017568919093,8.461641492843627,0.1743572734296322,0.1743572734296322,0.6116071428571429,8.70539035320282,31.0,183.0,1599.0,183.0
0.0035639751612739972,8.46138418674469,0.17377307787537574,0.17377307787537574,0.6726190476190477,8.702403011322021,31.0,184.0,1599.0,184.0
0.003538290605738335,8.654777717590331,0.17299468651413918,0.17299468651413918,0.6800595238095238,8.893671584129333,31.0,185.0,1599.0,185.0
0.003511975168407047,8.6510071849823,0.16947843916714192,0.16947843916714192,0.75,8.885629272460937,31.0,186.0,502.0,186.0
0.0034850403921006796,9.19679030418396,0.16866450138390066,0.16866450138390066,0.7062692012288787,9.433818674087524,32.0,187.0,1599.0,187.0
0.003457498091302324,9.197286114692687,0.17120734080672265,0.17120734080672265,0.6592261904761905,9.438475065231323,32.0,188.0,1599.0,188.0
0.0034293603469753926,8.490808849334718,0.1705479134619236,0.1705479134619236,0.65625,8.73162305355072,32.0,189.0,1599.0,189.0
0.0034006395012645065,8.48658007144928,0.17001158103346825,0.17001158103346825,0.6622023809523809,8.72758726119995,32.0,190.0,1599.0,190.0
0.0033713481520818286,8.78047447681427,0.16953291907906531,0.16953291907906531,0.6428571428571429,9.020306706428528,32.0,191.0,1599.0,191.0
0.0033414991475811985,8.776676321029663,0.16641731336712837,0.16641731336712837,0.6726190476190477,9.013899612426759,32.0,192.0,502.0,192.0
0.0033111055805225085,9.423950896263122,0.16569806411862373,0.16569806411862373,0.7068452380952381,9.661908864974976,33.0,193.0,1599.0,193.0
0.003280180782528788,9.424070935249329,0.16808626621961595,0.16808626621961595,0.7214381720430108,9.664368238449097,33.0,194.0,1599.0,194.0
0.0032487383182385108,8.706944131851197,0.16725112825632096,0.16725112825632096,0.7157738095238095,8.946045441627502,33.0,195.0,1599.0,195.0
0.0032167919793556973,8.706777367591858,0.16681646376848222,0.16681646376848222,0.7127976190476191,8.94419900894165,33.0,196.0,1599.0,196.0
0.003184355778600419,8.9693368434906,0.1658090126514435,0.1658090126514435,0.7217261904761905,9.202851233482361,33.0,197.0,1599.0,197.0
0.0031514439435623522,8.929340543746948,0.16281798034906386,0.16281798034906386,0.6488095238095238,9.15855989933014,33.0,198.0,502.0,198.0
0.003118070910460092,9.484733958244323,0.16153694570064545,0.16153694570064545,0.7619047619047619,9.71658793926239,34.0,199.0,1599.0,199.0
0.003084251317808946,9.48503722667694,0.1640080773085356,0.1640080773085356,0.7455357142857143,9.720070686340332,34.0,200.0,1599.0,200.0
0.0030499999999999985,8.694553680419922,0.16343957208096982,0.16343957208096982,0.7142857142857143,8.930020003318786,34.0,201.0,1599.0,201.0
0.0030153319807932574,8.694667105674744,0.16281466923654078,0.16281466923654078,0.7098214285714286,8.931529431343078,34.0,202.0,1599.0,202.0
0.002980262466727736,8.94857846736908,0.1618870197981596,0.1618870197981596,0.789842549923195,9.185543828010559,34.0,203.0,1599.0,203.0
0.0029448068404513603,8.948550157546997,0.1584548557549715,0.1584548557549715,0.8809523809523809,9.182407188415528,34.0,204.0,502.0,204.0
0.0029089806539736363,9.518475131988525,0.15787801153957845,0.15787801153957845,0.7485119047619048,9.753775501251221,35.0,205.0,1599.0,205.0
0.0028727996218440187,9.533626174926757,0.16028137780725957,0.16028137780725957,0.7395833333333334,9.771996984481811,35.0,206.0,1599.0,206.0
0.002836279614258994,8.786007604599,0.15931774891912936,0.15931774891912936,0.7424155145929339,9.023208065032959,35.0,207.0,1599.0,207.0
0.002799436650100887,8.773980379104614,0.15871777601540088,0.15871777601540088,0.7485119047619048,9.00930549621582,35.0,208.0,1599.0,208.0
0.0027622868899114476,9.035421109199524,0.1577401254326105,0.1577401254326105,0.7589285714285714,9.269974012374878,35.0,209.0,1599.0,209.0
0.0027248466288033067,9.035383949279785,0.1545315296202898,0.1545315296202898,0.8571428571428571,9.266190466880799,35.0,210.0,502.0,210.0
0.0026871322893123988,9.685425329208375,0.1537144259363413,0.1537144259363413,0.7976190476190477,9.917913093566895,36.0,211.0,1599.0,211.0
0.0026491604141944945,9.703177561759949,0.15601015143096447,0.15601015143096447,0.7355990783410139,9.937887601852417,36.0,212.0,1599.0,212.0
0.002610947659169003,8.872446246147156,0.15580950520932674,0.15580950520932674,0.7112103174603175,9.106478896141052,36.0,213.0,1599.0,213.0
0.002572510785613222,8.872398447990417,0.15503086112439632,0.15503086112439632,0.8005952380952381,9.105547142028808,36.0,214.0,1599.0,214.0
0.002533866653210244,9.125859327316284,0.15390546284615994,0.15390546284615994,0.7663690476190477,9.35917314529419,36.0,215.0,1599.0,215.0
0.002495032212553741,9.121584939956666,0.1509999643266201,0.1509999643266201,0.7083333333333334,9.352210073471069,36.0,216.0,502.0,216.0
0.002456024497712875,9.588522229194641,0.15023627415299415,0.15023627415299415,0.84375,9.82529459476471,37.0,217.0,1599.0,217.0
0.002416860618760592,9.596022605895996,0.1525884236395359,0.1525884236395359,0.7425595238095238,9.838979530334473,37.0,218.0,1599.0,218.0
0.00237755775426858,8.854093112945556,0.15170909956097603,0.15170909956097603,0.8035714285714286,9.094490208625793,37.0,219.0,1599.0,219.0
0.002338133143772176,8.853908505439758,0.15106142088770866,0.15106142088770866,0.7990111367127497,9.090533638000489,37.0,220.0,1599.0,220.0
0.00229860408020854,9.02450424194336,0.15045637622475624,0.15045637622475624,0.8169642857142857,9.257511477470398,37.0,221.0,1599.0,221.0
0.002258987902331397,9.002353544235229,0.14743667669594288,0.14743667669594288,0.8392857142857143,9.231336364746094,37.0,222.0,502.0,222.0
0.0022193019871056935,9.585323796272277,0.14688043840229512,0.14688043840229512,0.8348214285714286,9.815313596725463,38.0,223.0,1599.0,223.0
0.0021795637420854775,9.585378422737122,0.1491050859540701,0.1491050859540701,0.7944508448540707,9.81713053226471,38.0,224.0,1599.0,224.0
0.002139790597778376,8.792899827957154,0.1485518478602171,0.1485518478602171,0.7931547619047619,9.022076048851012,38.0,225.0,1599.0,225.0
0.0020999999999999977,8.78088406085968,0.14780905447900294,0.14780905447900294,0.7633928571428571,9.00919023990631,38.0,226.0,1599.0,226.0
0.00206020940222162,9.006728167533874,0.14690209113061428,0.14690209113061428,0.8244047619047619,9.234340596199036,38.0,227.0,1599.0,227.0
0.0020204362579145183,9.006592440605164,0.14412690714001655,0.14412690714001655,0.875,9.231505427360535,38.0,228.0,502.0,228.0
0.0019806980128943027,9.53166792869568,0.1433192203938961,0.1433192203938961,0.7976190476190477,9.760152435302734,39.0,229.0,1599.0,229.0
0.0019410120976685982,9.532147850990295,0.14543876484036444,0.14543876484036444,0.8080357142857143,9.764507765769958,39.0,230.0,1599.0,230.0
0.0019013959197914565,8.769857025146484,0.14440980806946754,0.14440980806946754,0.8080357142857143,9.00138939857483,39.0,231.0,1599.0,231.0
0.00186186685622782,8.731515355110169,0.143737960010767,0.143737960010767,0.8392857142857143,8.960635900497437,39.0,232.0,1599.0,232.0
0.0018224422457314166,8.920481243133544,0.14289478585124016,0.14289478585124016,0.7848982334869432,9.147016620635986,39.0,233.0,1599.0,233.0
0.0017831393812394035,8.920374336242675,0.13998060524463654,0.13998060524463654,0.8214285714285714,9.143376717567444,39.0,234.0,502.0,234.0
0.0017439755022871214,9.507377262115478,0.13925384163856505,0.13925384163856505,0.8258448540706606,9.731632432937623,40.0,235.0,1599.0,235.0
0.0017049677874462555,9.509755592346192,0.14149327166378498,0.14149327166378498,0.7708333333333334,9.73748661518097,40.0,236.0,1599.0,236.0
0.0016661333467897527,8.727557377815247,0.14073612309992314,0.14073612309992314,0.8735119047619048,8.95434928894043,40.0,237.0,1599.0,237.0
0.0016274892143867746,8.731424808502197,0.13985330678522587,0.13985330678522587,0.8645833333333334,8.957089128494262,40.0,238.0,1599.0,238.0
0.0015890523408309942,8.960748553276062,0.1392315623909235,0.1392315623909235,0.7791378648233486,9.186150245666504,40.0,239.0,1599.0,239.0
0.001550839585805502,8.945406188964844,0.136398254185915,0.136398254185915,0.7976190476190477,9.167791142463685,40.0,240.0,502.0,240.0
0.0015128677106875986,9.429238266944886,0.1356220455467701,0.1356220455467701,0.8348214285714286,9.652741146087646,41.0,241.0,1599.0,241.0
0.0014751533711966905,9.429548110961914,0.13768948808312417,0.13768948808312417,0.8154761904761905,9.656119565963746,41.0,242.0,1599.0,242.0
0.0014377131100885502,8.562748699188232,0.13737768217921256,0.13737768217921256,0.7884984639016898,8.787859706878661,41.0,243.0,1599.0,243.0
0.0014005633498991113,8.562623019218444,0.1368095500767231,0.1368095500767231,0.8467261904761905,8.786845693588257,41.0,244.0,1599.0,244.0
0.0013637203857410033,8.80062936782837,0.1361367543041706,0.1361367543041706,0.8571428571428571,9.025175623893738,41.0,245.0,1599.0,245.0
0.0013272003781559785,8.800616574287414,0.1333937691152096,0.1333937691152096,0.9285714285714286,9.02328631401062,41.0,246.0,502.0,246.0
0.001291019346026361,9.28768382549286,0.1328005762398243,0.1328005762398243,0.8571428571428571,9.512011399269104,42.0,247.0,1599.0,247.0
0.0012551931595486373,9.309431867599487,0.13458965316414834,0.13458965316414834,0.8630952380952381,9.537217907905578,42.0,248.0,1599.0,248.0
0.0012197375332722623,8.518391542434692,0.13397238180041313,0.13397238180041313,0.8675595238095238,8.745908269882202,42.0,249.0,1599.0,249.0
0.0011846680192067398,8.518380641937256,0.1332598404586315,0.1332598404586315,0.8675595238095238,8.74626910686493,42.0,250.0,1599.0,250.0
0.0011499999999999987,8.764712047576904,0.13266203448176384,0.13266203448176384,0.8526305683563749,8.99128671169281,42.0,251.0,1599.0,251.0
0.001115748682191052,8.764520077705383,0.12993347428739072,0.12993347428739072,0.8928571428571429,8.9862509059906,42.0,252.0,502.0,252.0
0.001081929089539906,9.285494933128357,0.12979203753173352,0.12979203753173352,0.8110119047619048,9.508486895561218,43.0,253.0,1599.0,253.0
0.0010485560564376458,9.290837526321411,0.13194110102951526,0.13194110102951526,0.8363095238095238,9.51714294910431,43.0,254.0,1599.0,254.0
0.0010156442213995795,8.490091214179992,0.13161335386335848,0.13161335386335848,0.8139880952380952,8.714743657112122,43.0,255.0,1599.0,255.0
0.000983208020644301,8.47506148815155,0.13094486691057683,0.13094486691057683,0.9076900921658987,8.698777747154235,43.0,256.0,1599.0,256.0
0.0009512616817614874,8.732596807479858,0.13072062350809574,0.13072062350809574,0.8139880952380952,8.95611888885498,43.0,257.0,1599.0,257.0
0.0009198192174712101,8.725872445106507,0.12806920804083347,0.12806920804083347,0.8690476190476191,8.947236518859864,43.0,258.0,502.0,258.0
0.0008888944194774892,9.217755589485169,0.1276211891323328,0.1276211891323328,0.8541666666666666,9.443183207511902,44.0,259.0,1599.0,259.0
0.0008585008524187999,9.244531908035277,0.12965411342680455,0.12965411342680455,0.8630472350230415,9.47431128501892,44.0,260.0,1599.0,260.0
0.0008286518479181691,8.345207591056823,0.12915977753698826,0.12915977753698826,0.8883928571428571,8.574315257072449,44.0,261.0,1599.0,261.0
0.0007993604987354912,8.327657775878906,0.12832371361553668,0.12832371361553668,0.9017857142857143,8.559388375282287,44.0,262.0,1599.0,262.0
0.0007706396530246052,8.556573758125305,0.1276348004490137,0.1276348004490137,0.8526785714285714,8.787330856323242,44.0,263.0,1599.0,263.0
0.0007425019086976739,8.556543593406678,0.12515673097223043,0.12515673097223043,0.9107142857142857,8.784824171066283,44.0,264.0,502.0,264.0
0.0007149596078993184,9.079213376045226,0.12474522437900305,0.12474522437900305,0.8556547619047619,9.30779571056366,45.0,265.0,1599.0,265.0
0.0006880248315929507,9.090238556861877,0.12643322858959435,0.12643322858959435,0.8988095238095238,9.321308274269104,45.0,266.0,1599.0,266.0
0.000661709394261663,8.364323997497559,0.1261445424333215,0.1261445424333215,0.8615591397849462,8.588098278045655,45.0,267.0,1599.0,267.0
0.0006360248387260007,8.356797604560851,0.12567605677992105,0.12567605677992105,0.8779761904761905,8.576262221336364,45.0,268.0,1599.0,268.0
0.0006109824310809045,8.571727643013,0.1253044620528817,0.1253044620528817,0.8839285714285714,8.789810457229613,45.0,269.0,1599.0,269.0
0.0005865931557540271,8.571373376846314,0.12279884446412324,0.12279884446412324,0.9523809523809523,8.785464663505554,45.0,270.0,502.0,270.0
0.0005628677106876001,9.10257043838501,0.12256015915423632,0.12256015915423632,0.8824404761904762,9.31878046989441,46.0,271.0,1599.0,271.0
0.0005398165026459624,9.102870287895202,0.12446218546479941,0.12446218546479941,0.9032738095238095,9.323876247406005,46.0,272.0,1599.0,272.0
0.0005174496426508112,8.285975394248963,0.12414844062179327,0.12414844062179327,0.8883928571428571,8.508555297851563,46.0,273.0,1599.0,273.0
0.0004957769415461715,8.286121945381165,0.12370967354625463,0.12370967354625463,0.8928571428571429,8.512451276779174,46.0,274.0,1599.0,274.0
0.00047480790569503757,8.532580380439759,0.12332874681800604,0.12332874681800604,0.8556547619047619,8.759265279769897,46.0,275.0,1599.0,275.0
0.000454551732809567,8.532556972503663,0.1206573686376214,0.1206573686376214,0.8571428571428571,8.75628098487854,46.0,276.0,502.0,276.0
0.0004350173079166594,9.086924567222596,0.12059228632599116,0.12059228632599116,0.8526785714285714,9.31033588886261,47.0,277.0,1599.0,277.0
0.0004162131994606922,9.086917500495911,0.12272505473345519,0.12272505473345519,0.8564708141321044,9.31262403011322,47.0,278.0,1599.0,278.0
0.0003981476555451161,8.2860955286026,0.12229245316237211,0.12229245316237211,0.9017857142857143,8.507652521133423,47.0,279.0,1599.0,279.0
0.0003808286003145634,8.285713310241698,0.12181777965277434,0.12181777965277434,0.9017857142857143,8.504910521507263,47.0,280.0,1599.0,280.0
0.00036426363047905875,8.54289626121521,0.1215110157057643,0.1215110157057643,0.8794162826420892,8.760424041748047,47.0,281.0,1599.0,281.0
0.000348460011981849,8.5425638961792,0.11924534197896719,0.11924534197896719,0.8869047619047619,8.755781993865966,47.0,282.0,502.0,282.0
0.0003334246768123226,9.058743743896484,0.11893198724836111,0.11893198724836111,0.8733678955453149,9.276551899909974,48.0,283.0,1599.0,283.0
0.00031916421996540633,9.106293902397155,0.12075924199074507,0.12075924199074507,0.8854166666666666,9.329847931861877,48.0,284.0,1599.0,284.0
0.0003056848965487862,8.336606140136718,0.12054306250065565,0.12054306250065565,0.8779761904761905,8.560752878189087,48.0,285.0,1599.0,285.0
0.00029299261903920835,8.33468286037445,0.1201245353743434,0.1201245353743434,0.8571428571428571,8.559226932525634,48.0,286.0,1599.0,286.0
0.0002810929546890723,8.552538571357728,0.11993412982672452,0.11993412982672452,0.8942012288786482,8.775780053138734,48.0,287.0,1599.0,287.0
0.00026999112308444967,8.548200449943543,0.1178243238851428,0.1178243238851428,0.8869047619047619,8.76824492931366,48.0,288.0,502.0,288.0
0.000259691993855601,9.075785326957703,0.11749814879149198,0.11749814879149198,0.8526785714285714,9.296742129325867,49.0,289.0,1599.0,289.0
0.00025020008454099547,9.075928554534912,0.11921725500375033,0.11921725500375033,0.911674347158218,9.29994390487671,49.0,290.0,1599.0,290.0
0.00024151955860576943,8.300381846427918,0.11892921317368746,0.11892921317368746,0.8820084485407067,8.522330884933472,49.0,291.0,1599.0,291.0
0.00023365422361549165,8.300094780921937,0.1184225331619382,0.1184225331619382,0.9151785714285714,8.521216068267822,49.0,292.0,1599.0,292.0
0.00022660752956604055,8.530432944297791,0.11780744556337595,0.11780744556337595,0.8983774961597543,8.752263588905334,49.0,293.0,1599.0,293.0
0.0002203825673703222,8.530445880889893,0.11561549969017505,0.11561549969017505,0.9285714285714286,8.750689244270324,49.0,294.0,502.0,294.0
0.00021498206750249227,8.969035062789917,0.11530484013259411,0.11530484013259411,0.9255952380952381,9.189994440078735,50.0,295.0,1599.0,295.0
0.00021040839880028076,9.087111864089966,0.11719828747212886,0.11719828747212886,0.8541666666666666,9.312288498878479,50.0,296.0,1599.0,296.0
0.0002066635674259417,8.332850937843324,0.11730090104043484,0.11730090104043484,0.84375,8.557570590972901,50.0,297.0,1599.0,297.0
0.00020374921598628404,8.311285486221314,0.11715976379811764,0.11715976379811764,0.9046178955453149,8.536466588974,50.0,298.0,1599.0,298.0
0.00020166662281216908,8.521267280578613,0.11734702102839947,0.11734702102839947,0.84375,8.744192385673523,50.0,299.0,1599.0,299.0
0.00020041670139779355,8.52097653388977,0.11533638782799244,0.11533638782799244,0.8988095238095238,8.740121393203735,50.0,300.0,502.0,300.0
